{"vbx": [34.833618996360066, -120.39162146828427, 0.00876450972123578], "pah": [37.06349319458008, -88.76749557495113, 0.00901519775390625], "mob": [30.674818489768274, -88.23581549904561, 0.00836472944779828], "sfx": [43.1010731645064, -112.6800717301801, 0.00985165682705964], "ffc": [33.3586923633922, -84.56169529307977, 0.00861319802024146], "mrx": [36.163543923117906, -83.39754508278584, 0.00891068892045453], "lsx": [38.69439288052642, -90.67839022549715, 0.00921686345880682], "byx": [24.593043961958347, -81.6990467695755, 0.007912320223722], "rgx": [39.74932346690787, -119.45632038463243, 0.00935630104758521], "cle": [41.40820270885123, -81.85520511973986, 0.00959098122336646], "clx": [32.65072656804866, -81.03772760564634, 0.00854442249644886], "mpx": [44.84392665516248, -93.5599300731312, 0.010144736550071], "vtx": [34.40763891046696, -119.17464101617954, 0.0087196766246449], "dyx": [32.53373156460852, -99.24973116787996, 0.00853326970880682], "mxx": [32.532732155539826, -85.78573432228781, 0.00853318647904828], "ama": [35.22859824440698, -101.70459616921214, 0.00880692915482953], "okx": [40.861245408491605, -72.85924269242722, 0.00951144131747161], "crp": [27.7799345675382, -97.50693575772375, 0.00813165838068182], "tbw": [27.70093703530053, -82.39793753884054, 0.00812577681107953], "abx": [35.14560255570849, -106.81859907670426, 0.00879794034090911], "lzk": [34.831616391268604, -92.25761889371007, 0.00876428777521307], "lrx": [40.735254974365226, -116.7972552490235, 0.009493408203125], "dax": [38.49640369762069, -121.67240620006194, 0.00919150612571021], "bis": [46.76574969204992, -100.7547519198327, 0.0105004327947443], "lch": [30.120841272527517, -93.21184469049628, 0.0083174549449574], "gua": [13.449301227222755, 144.81470348011382, 0.00739768288352271], "shv": [32.446737698641705, -93.83674090298737, 0.00852502996271307], "gjx": [39.05736826116391, -108.2083654230291, 0.00926402698863635], "pbz": [40.526266340775905, -80.21327043013143, 0.00946377840909089], "evx": [30.559821777343757, -85.91682022094723, 0.00835479736328125], "aec": [64.50365511807532, -165.2846533480557, 0.0166918390447443], "dix": [39.942307295365744, -74.40631181196729, 0.00938260165127839], "mhx": [34.771622023149, -76.87162049727002, 0.00875790682705964], "tlx": [35.328591280850524, -97.27359097567475, 0.00881780450994318], "emx": [31.88976253856308, -110.62576069224968, 0.00847312233664771], "lnx": [41.953163951527046, -100.57116016734693, 0.00967246315696021], "arx": [43.818017342307385, -91.18601737282494, 0.00996903852982953], "uex": [40.31628198797049, -98.43728418523584, 0.00943431507457385], "poe": [31.15079748673873, -92.97179472489789, 0.00840639981356536], "htx": [34.9266125488281, -86.0796124267578, 0.0087744140625], "abc": [60.785635847611886, -161.86662949995548, 0.0147268399325284], "blx": [45.84883698896926, -108.60083970503398, 0.0103262051669034], "dlh": [46.831745161576755, -92.20474244551222, 0.0105132779208096], "mux": [37.15048600630323, -121.89249040083423, 0.00902554598721589], "esx": [35.69657108653677, -114.88656971324544, 0.00885825417258521], "jgx": [32.67072608254175, -83.34672477028589, 0.00854630903764203], "abr": [45.45087467540397, -98.4078754078263, 0.010253212668679], "icx": [37.58646055741743, -112.85646101518101, 0.00907809170809661], "ftg": [39.7813189835982, -104.54031785444748, 0.00936062899502839], "ddc": [37.75645213734019, -99.96345286976181, 0.00909889914772729], "vwx": [38.25541782725937, -87.71941852916373, 0.00916098854758521], "ict": [37.64945642644705, -97.4384578912911, 0.00908580433238636], "ggw": [48.20060588489874, -106.61860515247682, 0.0107907936789773], "hki": [21.893122433749173, -159.55111575039973, 0.00775385076349428], "pux": [38.45440655795012, -104.17640668002042, 0.00918615167791193], "rlx": [38.30641712535515, -81.71841587413437, 0.00916739723899146], "hkm": [20.12516842235218, -155.77717457164368, 0.00766257546164771], "box": [41.95116520274769, -71.13316440929061, 0.00967215798117896], "yux": [32.49073433615941, -114.65173363425524, 0.00852919145063922], "acg": [56.846427210027485, -135.5214264470884, 0.0131468616832386], "jax": [30.479825293801003, -81.69782952048558, 0.00834791703657672], "iln": [39.41534249045628, -83.8173429177024, 0.00931135697798297], "akq": [36.97949854070491, -77.0035006159002, 0.00900523792613635], "ltx": [33.98466038097039, -78.42466282237662, 0.00867606423117896], "gld": [39.36134904341269, -101.69534486250485, 0.00930417147549714], "bgm": [42.196145449551686, -75.9801458462802, 0.00970952814275568], "sjt": [31.366787463101446, -100.48778393832092, 0.00842565363103693], "akc": [58.67308674205433, -156.62008533824567, 0.0138271262428977], "srx": [35.28659375277428, -94.35759289828218, 0.00881322687322443], "tlh": [30.39383043462579, -84.32483209783385, 0.00834056507457386], "gwx": [33.892666001753405, -88.32466902299362, 0.00866671475497161], "ilx": [40.14629562377928, -89.33229263305662, 0.00941070556640625], "fws": [32.56873356212268, -97.29873310435899, 0.00853659889914771], "apx": [44.90192402232776, -84.71492374766954, 0.0101549460671165], "nqa": [35.34059166648175, -89.86859154441139, 0.00881910844282672], "ahg": [60.71865363381127, -151.34165091774636, 0.0146962113813921], "cxx": [44.50595868197355, -73.16095746127044, 0.0100858098810369], "rtx": [45.70984988125886, -122.95884661587831, 0.0103005426580256], "bro": [25.912001037597612, -97.41499938964844, 0.0079986572265625], "mbx": [48.38758639248931, -100.85858324917831, 0.0108303278142756], "sox": [33.81367144497954, -117.63167223843683, 0.00865869695490057], "dtx": [42.69510722767224, -83.46710658680308, 0.00978707053444604], "apd": [65.02749428488993, -147.49048409201862, 0.0170176558061079], "sgf": [37.230483051646836, -93.39548396717419, 0.00903511740944604], "lwx": [38.97037214799361, -77.47337050004441, 0.00925265225497161], "dfx": [29.268877084905476, -100.27587514703903, 0.0082472645152699], "msx": [47.03572368275038, -113.97972392689056, 0.0105533669211648], "vax": [30.88580785577951, -82.99780736749825, 0.00838306773792614], "lot": [41.59919045188214, -88.08018944480203, 0.00961927934126422], "bbx": [39.48833946921608, -121.60334114768311, 0.00932112260298297], "eyx": [35.09360340465202, -117.55560139049143, 0.00879233620383521], "twx": [38.99237389304419, -96.22737450339574, 0.00925550981001422], "vnx": [36.736512784090955, -98.12351000699108, 0.00897669011896307], "mkx": [42.96308373191139, -88.54608772971416, 0.00982954545454547], "cys": [41.14722405173558, -104.80122338034849, 0.00955275102095172], "jua": [18.11421506708318, -66.07521741693674, 0.00756992686878552], "udx": [44.11999010953031, -102.82399248990131, 0.0100197809392756], "otx": [47.675658777410334, -117.62065847223428, 0.0106819568980824], "eax": [38.805385769930766, -94.25938433560462, 0.00923120672052557], "lgx": [47.110717024369684, -124.10171815351963, 0.0105682095614346], "hmo": [21.132142979015022, -157.17914195667632, 0.00771340110085229], "tfx": [47.45468056418682, -111.37868416526109, 0.010637040571733], "nkx": [32.91471382834689, -117.03671547629637, 0.00856977982954547], "epz": [31.868763601129668, -106.69376245672035, 0.00847118030894885], "bmx": [33.16770367709075, -86.76569943514734, 0.00859441583806818], "buf": [42.944088051535914, -78.73208625099876, 0.00982652143998578], "gyx": [43.8860086475719, -70.25201359141955, 0.00998038552024146], "mlb": [28.10892263932666, -80.64992109818891, 0.00815646084872161], "mtx": [41.25821601174094, -112.44221411965077, 0.00956895308061078], "lvx": [37.970435804887224, -85.9394375749068, 0.00912533846768464], "hdx": [33.07170769431371, -106.1177091286396, 0.00858503861860797], "mvx": [47.52267447731715, -97.3196715476294, 0.010650801225142], "fdr": [34.35764228127224, -98.97164069435776, 0.00871446089311078], "aih": [59.45492940729312, -146.29392247980314, 0.0141447864879261], "dmx": [41.72617986505687, -93.71818044489078, 0.00963825572620739],