{"vbx": [34.833618996360066, -120.39162146828427], "pah": [37.06349319458008, -88.76749557495113], "mob": [30.674818489768274, -88.23581549904561], "sfx": [43.1010731645064, -112.6800717301801], "ffc": [33.3586923633922, -84.56169529307977], "mrx": [36.163543923117906, -83.39754508278584], "lsx": [38.69439288052642, -90.67839022549715], "byx": [24.593043961958347, -81.6990467695755], "rgx": [39.74932346690787, -119.45632038463243], "cle": [41.40820270885123, -81.85520511973986], "clx": [32.65072656804866, -81.03772760564634], "mpx": [44.84392665516248, -93.5599300731312], "vtx": [34.40763891046696, -119.17464101617954], "dyx": [32.53373156460852, -99.24973116787996], "mxx": [32.532732155539826, -85.78573432228781], "ama": [35.22859824440698, -101.70459616921214], "okx": [40.861245408491605, -72.85924269242722], "crp": [27.7799345675382, -97.50693575772375], "tbw": [27.70093703530053, -82.39793753884054], "abx": [35.14560255570849, -106.81859907670426], "lzk": [34.831616391268604, -92.25761889371007], "lrx": [40.735254974365226, -116.7972552490235], "dax": [38.49640369762069, -121.67240620006194], "bis": [46.76574969204992, -100.7547519198327], "lch": [30.120841272527517, -93.21184469049628], "gua": [13.449301227222755, 144.81470348011382], "shv": [32.446737698641705, -93.83674090298737], "gjx": [39.05736826116391, -108.2083654230291], "pbz": [40.526266340775905, -80.21327043013143], "evx": [30.559821777343757, -85.91682022094723], "aec": [64.50365511807532, -165.2846533480557], "dix": [39.942307295365744, -74.40631181196729], "mhx": [34.771622023149, -76.87162049727002], "tlx": [35.328591280850524, -97.27359097567475], "emx": [31.88976253856308, -110.62576069224968], "lnx": [41.953163951527046, -100.57116016734693], "arx": [43.818017342307385, -91.18601737282494], "uex": [40.31628198797049, -98.43728418523584], "poe": [31.15079748673873, -92.97179472489789], "htx": [34.9266125488281, -86.0796124267578], "abc": [60.785635847611886, -161.86662949995548], "blx": [45.84883698896926, -108.60083970503398], "dlh": [46.831745161576755, -92.20474244551222], "mux": [37.15048600630323, -121.89249040083423], "esx": [35.69657108653677, -114.88656971324544], "jgx": [32.67072608254175, -83.34672477028589], "abr": [45.45087467540397, -98.4078754078263], "icx": [37.58646055741743, -112.85646101518101], "ftg": [39.7813189835982, -104.54031785444748], "ddc": [37.75645213734019, -99.96345286976181], "vwx": [38.25541782725937, -87.71941852916373], "ict": [37.64945642644705, -97.4384578912911], "ggw": [48.20060588489874, -106.61860515247682], "hki": [21.893122433749173, -159.55111575039973], "pux": [38.45440655795012, -104.17640668002042], "rlx": [38.30641712535515, -81.71841587413437], "hkm": [20.12516842235218, -155.77717457164368], "box": [41.95116520274769, -71.13316440929061], "yux": [32.49073433615941, -114.65173363425524], "acg": [56.846427210027485, -135.5214264470884], "jax": [30.479825293801003, -81.69782952048558], "iln": [39.41534249045628, -83.8173429177024], "akq": [36.97949854070491, -77.0035006159002], "ltx": [33.98466038097039, -78.42466282237662], "gld": [39.36134904341269, -101.69534486250485], "bgm": [42.196145449551686, -75.9801458462802], "sjt": [31.366787463101446, -100.48778393832092], "akc": [58.67308674205433, -156.62008533824567], "srx": [35.28659375277428, -94.35759289828218], "tlh": [30.39383043462579, -84.32483209783385], "gwx": [33.892666001753405, -88.32466902299362], "ilx": [40.14629562377928, -89.33229263305662], "fws": [32.56873356212268, -97.29873310435899], "apx": [44.90192402232776, -84.71492374766954], "nqa": [35.34059166648175, -89.86859154441139], "ahg": [60.71865363381127, -151.34165091774636], "cxx": [44.50595868197355, -73.16095746127044], "rtx": [45.70984988125886, -122.95884661587831], "bro": [25.912001037597612, -97.41499938964844], "mbx": [48.38758639248931, -100.85858324917831], "sox": [33.81367144497954, -117.63167223843683], "dtx": [42.69510722767224, -83.46710658680308], "apd": [65.02749428488993, -147.49048409201862], "sgf": [37.230483051646836, -93.39548396717419], "lwx": [38.97037214799361, -77.47337050004441], "dfx": [29.268877084905476, -100.27587514703903], "msx": [47.03572368275038, -113.97972392689056], "vax": [30.88580785577951, -82.99780736749825], "lot": [41.59919045188214, -88.08018944480203], "bbx": [39.48833946921608, -121.60334114768311], "eyx": [35.09360340465202, -117.55560139049143], "twx": [38.99237389304419, -96.22737450339574], "vnx": [36.736512784090955, -98.12351000699108], "mkx": [42.96308373191139, -88.54608772971416], "cys": [41.14722405173558, -104.80122338034849], "jua": [18.11421506708318, -66.07521741693674], "udx": [44.11999010953031, -102.82399248990131], "otx": [47.675658777410334, -117.62065847223428], "eax": [38.805385769930766, -94.25938433560462], "lgx": [47.110717024369684, -124.10171815351963], "hmo": [21.132142979015022, -157.17914195667632], "tfx": [47.45468056418682, -111.37868416526109], "nkx": [32.91471382834689, -117.03671547629637], "epz": [31.868763601129668, -106.69376245672035], "bmx": [33.16770367709075, -86.76569943514734], "buf": [42.944088051535914, -78.73208625099876], "gyx": [43.8860086475719, -70.25201359141955], "mlb": [28.10892263932666, -80.64992109818891], "mtx": [41.25821601174094, -112.44221411965077], "lvx": [37.970435804887224, -85.9394375749068], "hdx": [33.07170769431371, -106.1177091286396], "mvx": [47.52267447731715, -97.3196715476294], "fdr": [34.35764228127224, -98.97164069435776], "aih": [59.45492940729312, -146.29392247980314], "dmx": [41.72617986505687, -93.71818044489078], "fdx": [34.63062681718307, -103.62462629838376], "cae": [33.944665319269376, -81.1146673029119], "mqt": [46.525771234685735, -87.54276952570132], "pdt": [45.68585382634943, -118.84684930974782], "inx": [36.17054349032319, -95.55954724398522], "riw": [43.06107928189364, -108.47207476529182], "bhx": [40.49427090731536, -124.2862707242098], "lbb": [33.64967823375355, -101.80968189586294], "ohx": [36.24254180908208, -86.5585437011719], "cbw": [46.03382111982863, -67.80181886152792], "ind": [39.703325153697584, -86.27532374988898], "cbx": [43.486044061834114, -116.22904409235178], "rax": [35.66057377208364, -78.48557072032581], "hpx": [36.73251140247688, -87.28051555286757], "grr": [42.88909212979408, -85.54008929165929], "hgx": [29.467868430397722, -95.07487068869855], "ewx": [29.69985927928582, -98.02385868419306], "grb": [44.49295931729408, -88.10595827969635], "enx": [42.58111394708809, -74.0591184026545], "lix": [30.33283220464533, -89.82082925969902], "grk": [30.717815898548483, -97.3788190113414], "oax": [41.31521104292433, -96.36120866255324], "iwa": [33.28451922445643, -111.66451647787473], "fcx": [37.019493269486865, -80.26949708418415], "max": [42.07615570068357, -122.7111578369145], "hwa": [19.0941927545721, -155.56819940740408], "jkl": [37.58646055741743, -83.30846449418502], "tyx": [43.75102157592774, -75.67502136230465], "maf": [31.93876198508521, -102.1847641823506], "dgx": [32.27574430985882, -89.97974669022989], "iwx": [41.354209650213086, -85.69520543878726], "gsp": [34.87861477938568, -82.21561657992277], "dvn": [41.6071892755682, -90.57619104558769], "fsd": [43.58303620771926, -96.72403123335404], "ccx": [40.9182405229048, -77.99923798994581], "amx": [25.607010983553806, -80.40901293667878], "dox": [38.82138358376246, -75.43538581154567], "atx": [48.18960544932974, -122.48860905040355], "fsx": [34.56963301225139, -111.19263029618664], "hnx": [36.30953550858934, -119.62653303666526], "eox": [31.455782262628745, -85.45478281194517]}